<?xml version="1.0" encoding="UTF-8"?>
<project-private xmlns="http://www.netbeans.org/ns/project-private/1">
    <editor-bookmarks xmlns="http://www.netbeans.org/ns/editor-bookmarks/2" lastBookmarkId="0"/>
    <open-files xmlns="http://www.netbeans.org/ns/projectui-open-files/2">
        <group>
            <file>file:/D:/Fall2020/LAB221/J2.L.P.0022/src/gui/Calculator.java</file>
            <file>file:/D:/Fall2020/LAB221/J2.L.P.0022/src/controller/ControlCalculator.java</file>
        </group>
    </open-files>
</project-private>
