<?xml version="1.0" encoding="UTF-8"?>
<project-private xmlns="http://www.netbeans.org/ns/project-private/1">
    <editor-bookmarks xmlns="http://www.netbeans.org/ns/editor-bookmarks/2" lastBookmarkId="0"/>
    <open-files xmlns="http://www.netbeans.org/ns/projectui-open-files/2">
        <group>
            <file>file:/D:/Fall2020/LAB221/Lab%20Java%20Desktop/Lab%20Java%20Desktop/lab/J2.S.P0021/src/gui/SearchCourse.java</file>
            <file>file:/D:/Fall2020/LAB221/Lab%20Java%20Desktop/Lab%20Java%20Desktop/lab/J2.S.P0021/src/gui/ListCourse.java</file>
            <file>file:/D:/Fall2020/LAB221/Lab%20Java%20Desktop/Lab%20Java%20Desktop/lab/J2.S.P0021/src/gui/AddCourse.java</file>
        </group>
    </open-files>
</project-private>
